SV;FDEF;SDECL;FDECL;VDECL;STMT;EXPR;COMM;ER;SYMB;SYMT;FCALL;INC;CPP;SRC;RID;ND;BEGIN;END;EXPR;TD;NDavg;FID;REQ
1.0;0.0;0.0;0.0;1.0;0.0;0.0;0.0;0.0;0.0;0.0;0.0;0.0;0.0;"C:\Users\kludw\_DEVELOPMENT\FeatureCoPP\test_dos\07_semanticEquiv01.h";143.0;1;8.0;10.0;defined(HAVE_A);1;1.0;127;1
1.0;0.0;0.0;0.0;1.0;0.0;0.0;0.0;0.0;0.0;0.0;0.0;0.0;0.0;"C:\Users\kludw\_DEVELOPMENT\FeatureCoPP\test_dos\07_semanticEquiv01.h";145.0;1;14.0;16.0;defined(HAVE_A);1;1.0;127;1
1.0;0.0;0.0;0.0;1.0;0.0;0.0;0.0;0.0;0.0;0.0;0.0;0.0;0.0;"C:\Users\kludw\_DEVELOPMENT\FeatureCoPP\test_dos\07_semanticEquiv01.h";147.0;1;20.0;22.0;defined(HAVE_A);1;1.0;127;1
1.0;0.0;0.0;0.0;1.0;0.0;0.0;0.0;0.0;0.0;0.0;0.0;0.0;0.0;"C:\Users\kludw\_DEVELOPMENT\FeatureCoPP\test_dos\07_semanticEquiv01.h";150.0;1;28.0;30.0;defined(HAVE_A);1;1.0;127;1
1.0;0.0;0.0;0.0;1.0;0.0;0.0;0.0;0.0;0.0;0.0;0.0;0.0;0.0;"C:\Users\kludw\_DEVELOPMENT\FeatureCoPP\test_dos\07_semanticEquiv01.h";152.0;1;34.0;36.0;defined(HAVE_A);1;1.0;127;1
2.83;1.0;0.0;1.0;2.0;1.0;1.0;0.0;1.0;1.0;1.0;0.0;1.0;1.0;"C:\Users\kludw\_DEVELOPMENT\FeatureCoPP\test_dos\10_testStatistics.c";234.0;1;3.0;9.0;defined(HAVE_A);1;1.0;127;1
2.0;1.0;0.0;0.0;1.0;1.0;1.0;0.0;1.0;1.0;1.0;0.0;0.0;0.0;"C:\Users\kludw\_DEVELOPMENT\FeatureCoPP\test_dos\10_testStatistics.c";235.0;1;12.0;16.0;defined(HAVE_A);1;1.0;127;1
1.41;0.0;0.0;0.0;0.0;1.0;1.0;0.0;0.0;0.0;3.0;2.0;0.0;0.0;"C:\Users\kludw\_DEVELOPMENT\FeatureCoPP\test_dos\10_testStatistics.c";237.0;1;29.0;31.0;defined(HAVE_A);1;1.0;127;1
1.41;1.0;0.0;0.0;1.0;0.0;0.0;0.0;0.0;0.0;0.0;0.0;0.0;0.0;"C:\Users\kludw\_DEVELOPMENT\FeatureCoPP\test_dos\14_undisciplined_01.h";250.0;1;6.0;8.0;defined(HAVE_A);1;1.0;127;1
2.0;1.0;0.0;0.0;1.0;1.0;1.0;0.0;1.0;1.0;1.0;0.0;0.0;0.0;"C:\Users\kludw\_DEVELOPMENT\FeatureCoPP\test_dos\14_undisciplined_01.h";251.0;1;12.0;17.0;defined(HAVE_A);1;1.0;127;1
2.83;0.0;0.0;0.0;0.0;2.0;2.0;0.0;0.0;0.0;1.0;0.0;0.0;0.0;"C:\Users\kludw\_DEVELOPMENT\FeatureCoPP\test_dos\14_undisciplined_01.h";252.0;1;21.0;25.0;defined(HAVE_A);1;1.0;127;1
2.83;0.0;0.0;0.0;0.0;2.0;2.0;0.0;0.0;0.0;1.0;0.0;0.0;0.0;"C:\Users\kludw\_DEVELOPMENT\FeatureCoPP\test_dos\14_undisciplined_01.h";253.0;1;33.0;36.0;defined(HAVE_A);1;1.0;127;1
1.73;1.0;0.0;0.0;0.0;1.0;1.0;0.0;0.0;0.0;0.0;0.0;0.0;0.0;"C:\Users\kludw\_DEVELOPMENT\FeatureCoPP\test_dos\14_undisciplined_01.h";254.0;1;41.0;45.0;defined(HAVE_A);1;1.0;127;1
2.0;0.0;0.0;0.0;2.0;0.0;0.0;0.0;0.0;0.0;0.0;0.0;0.0;0.0;"C:\Users\kludw\_DEVELOPMENT\FeatureCoPP\test_dos\14_undisciplined_01.h";255.0;1;48.0;50.0;defined(HAVE_A);1;1.0;127;1
1.0;0.0;0.0;0.0;0.0;1.0;0.0;0.0;0.0;0.0;0.0;0.0;0.0;0.0;"C:\Users\kludw\_DEVELOPMENT\FeatureCoPP\test_dos\14_undisciplined_01.h";256.0;1;59.0;61.0;defined(HAVE_A);1;1.0;127;1
1.0;0.0;0.0;0.0;0.0;0.0;0.0;1.0;0.0;0.0;0.0;0.0;0.0;0.0;"C:\Users\kludw\_DEVELOPMENT\FeatureCoPP\test_dos\04_directiveCommentIntertwined.h";118.0;1;18.0;19.0;(defined(_ARCH_PPC));1;1.0;117;0
1.0;0.0;0.0;0.0;0.0;0.0;0.0;1.0;0.0;0.0;0.0;0.0;0.0;0.0;"C:\Users\kludw\_DEVELOPMENT\FeatureCoPP\test_dos\04_directiveCommentIntertwined.h";119.0;1;20.0;21.0;(defined(_ARCH_PPC));1;1.0;117;0
1.0;0.0;0.0;0.0;0.0;0.0;0.0;1.0;0.0;0.0;0.0;0.0;0.0;0.0;"C:\Users\kludw\_DEVELOPMENT\FeatureCoPP\test_dos\04_directiveCommentIntertwined.h";120.0;1;22.0;23.0;(defined(_ARCH_PPC));1;1.0;117;0
1.0;0.0;0.0;0.0;0.0;0.0;0.0;1.0;0.0;0.0;0.0;0.0;0.0;0.0;"C:\Users\kludw\_DEVELOPMENT\FeatureCoPP\test_dos\04_directiveCommentIntertwined.h";121.0;1;24.0;25.0;(defined(_ARCH_PPC));1;1.0;117;0
1.0;0.0;0.0;0.0;0.0;0.0;0.0;1.0;0.0;0.0;0.0;0.0;0.0;0.0;"C:\Users\kludw\_DEVELOPMENT\FeatureCoPP\test_dos\04_directiveCommentIntertwined.h";122.0;1;26.0;27.0;(defined(_ARCH_PPC));1;1.0;117;0
1.0;0.0;0.0;0.0;0.0;0.0;0.0;1.0;0.0;0.0;0.0;0.0;0.0;0.0;"C:\Users\kludw\_DEVELOPMENT\FeatureCoPP\test_dos\04_directiveCommentIntertwined.h";123.0;1;28.0;29.0;(defined(_ARCH_PPC));1;1.0;117;0
1.0;0.0;0.0;0.0;0.0;0.0;0.0;1.0;0.0;0.0;0.0;0.0;0.0;0.0;"C:\Users\kludw\_DEVELOPMENT\FeatureCoPP\test_dos\04_directiveCommentIntertwined.h";124.0;1;30.0;31.0;(defined(_ARCH_PPC));1;1.0;117;0
1.0;0.0;0.0;0.0;0.0;0.0;0.0;1.0;0.0;0.0;0.0;0.0;0.0;0.0;"C:\Users\kludw\_DEVELOPMENT\FeatureCoPP\test_dos\04_directiveCommentIntertwined.h";125.0;1;32.0;33.0;(defined(_ARCH_PPC));1;1.0;117;0
1.0;0.0;0.0;0.0;0.0;0.0;0.0;1.0;0.0;0.0;0.0;0.0;0.0;0.0;"C:\Users\kludw\_DEVELOPMENT\FeatureCoPP\test_dos\04_directiveCommentIntertwined.h";126.0;1;34.0;36.0;(defined(_ARCH_PPC));1;1.0;117;0
1.0;0.0;0.0;0.0;0.0;0.0;0.0;1.0;0.0;0.0;0.0;0.0;0.0;0.0;"C:\Users\kludw\_DEVELOPMENT\FeatureCoPP\test_dos\04_directiveCommentIntertwined.h";127.0;1;37.0;39.0;(defined(_ARCH_PPC));1;1.0;117;0
0.0;0.0;0.0;0.0;0.0;0.0;0.0;0.0;0.0;0.0;0.0;0.0;0.0;0.0;"C:\Users\kludw\_DEVELOPMENT\FeatureCoPP\test_dos\04_directiveCommentIntertwined.h";128.0;1;40.0;41.0;(defined(_ARCH_PPC));1;1.0;117;0
1.0;0.0;0.0;0.0;0.0;0.0;0.0;1.0;0.0;0.0;0.0;0.0;0.0;0.0;"C:\Users\kludw\_DEVELOPMENT\FeatureCoPP\test_dos\04_directiveCommentIntertwined.h";129.0;1;44.0;48.0;(defined(_ARCH_PPC));1;1.0;117;0
1.0;0.0;0.0;0.0;0.0;0.0;0.0;1.0;0.0;0.0;0.0;0.0;0.0;0.0;"C:\Users\kludw\_DEVELOPMENT\FeatureCoPP\test_dos\04_directiveCommentIntertwined.h";130.0;1;51.0;56.0;(defined(_ARCH_PPC));1;1.0;117;0
1.0;0.0;0.0;0.0;0.0;0.0;0.0;1.0;0.0;0.0;0.0;0.0;0.0;0.0;"C:\Users\kludw\_DEVELOPMENT\FeatureCoPP\test_dos\04_directiveCommentIntertwined.h";131.0;1;59.0;61.0;(defined(_ARCH_PPC));1;1.0;117;0
4.24;0.0;0.0;0.0;3.0;0.0;3.0;0.0;0.0;0.0;0.0;0.0;0.0;2.0;"C:\Users\kludw\_DEVELOPMENT\FeatureCoPP\test_dos\06_sameFeatureNested.h";141.0;1;2.0;8.0;A;1;1.375;126;0
1.41;0.0;0.0;0.0;1.0;0.0;1.0;0.0;0.0;0.0;0.0;0.0;0.0;0.0;"C:\Users\kludw\_DEVELOPMENT\FeatureCoPP\test_dos\06_sameFeatureNested.h";142.0;2;4.0;6.0;A;1;1.375;126;0
0.0;0.0;0.0;0.0;0.0;0.0;0.0;0.0;0.0;0.0;0.0;0.0;0.0;0.0;"C:\Users\kludw\_DEVELOPMENT\FeatureCoPP\test_dos\09_contraints_01.h";218.0;1;146.0;147.0;A;1;1.375;126;0
2.83;0.0;0.0;0.0;2.0;0.0;2.0;0.0;0.0;0.0;0.0;0.0;0.0;4.0;"C:\Users\kludw\_DEVELOPMENT\FeatureCoPP\test_dos\13_sameDirectiveSameLevel.h";243.0;1;6.0;15.0;A;1;1.375;126;0
1.41;0.0;0.0;0.0;1.0;0.0;1.0;0.0;0.0;0.0;0.0;0.0;0.0;0.0;"C:\Users\kludw\_DEVELOPMENT\FeatureCoPP\test_dos\13_sameDirectiveSameLevel.h";244.0;2;8.0;10.0;A;1;1.375;126;0
0.0;0.0;0.0;0.0;0.0;0.0;0.0;0.0;0.0;0.0;0.0;0.0;0.0;0.0;"C:\Users\kludw\_DEVELOPMENT\FeatureCoPP\test_dos\13_sameDirectiveSameLevel.h";245.0;2;10.0;12.0;A;1;1.375;126;0
0.0;0.0;0.0;0.0;0.0;0.0;0.0;0.0;0.0;0.0;0.0;0.0;0.0;0.0;"C:\Users\kludw\_DEVELOPMENT\FeatureCoPP\test_dos\13_sameDirectiveSameLevel.h";247.0;1;15.0;17.0;A;1;1.375;126;0
0.0;0.0;0.0;0.0;0.0;0.0;0.0;0.0;0.0;0.0;0.0;0.0;0.0;0.0;"C:\Users\kludw\_DEVELOPMENT\FeatureCoPP\test_dos\13_sameDirectiveSameLevel.h";248.0;1;17.0;19.0;A;1;1.375;126;0
1.0;0.0;0.0;0.0;1.0;0.0;0.0;0.0;0.0;0.0;0.0;0.0;0.0;0.0;"C:\Users\kludw\_DEVELOPMENT\FeatureCoPP\test_dos\07_semanticEquiv01.h";144.0;1;10.0;12.0;!defined(HAVE_A);1;1.0;128;1
1.0;0.0;0.0;0.0;1.0;0.0;0.0;0.0;0.0;0.0;0.0;0.0;0.0;0.0;"C:\Users\kludw\_DEVELOPMENT\FeatureCoPP\test_dos\07_semanticEquiv01.h";146.0;1;16.0;18.0;!defined(HAVE_A);1;1.0;128;1
1.0;0.0;0.0;0.0;1.0;0.0;0.0;0.0;0.0;0.0;0.0;0.0;0.0;0.0;"C:\Users\kludw\_DEVELOPMENT\FeatureCoPP\test_dos\07_semanticEquiv01.h";148.0;1;22.0;24.0;!defined(HAVE_A);1;1.0;128;1
1.0;0.0;0.0;0.0;1.0;0.0;0.0;0.0;0.0;0.0;0.0;0.0;0.0;0.0;"C:\Users\kludw\_DEVELOPMENT\FeatureCoPP\test_dos\07_semanticEquiv01.h";149.0;1;26.0;28.0;!defined(HAVE_A);1;1.0;128;1
1.0;0.0;0.0;0.0;1.0;0.0;0.0;0.0;0.0;0.0;0.0;0.0;0.0;0.0;"C:\Users\kludw\_DEVELOPMENT\FeatureCoPP\test_dos\07_semanticEquiv01.h";151.0;1;32.0;34.0;!defined(HAVE_A);1;1.0;128;1
4.58;1.0;1.0;1.0;4.0;1.0;1.0;0.0;1.0;1.0;1.0;0.0;0.0;0.0;"C:\Users\kludw\_DEVELOPMENT\FeatureCoPP\test_dos\10_testStatistics.c";236.0;1;16.0;25.0;!defined(HAVE_A);1;1.0;128;1
4.24;0.0;0.0;0.0;1.0;1.0;4.0;0.0;0.2;1.0;5.0;2.0;0.0;0.0;"C:\Users\kludw\_DEVELOPMENT\FeatureCoPP\test_dos\10_testStatistics.c";238.0;1;31.0;38.0;!defined(HAVE_A);1;1.0;128;1
0.0;0.0;0.0;0.0;0.0;0.0;0.0;0.0;0.0;0.0;0.0;0.0;0.0;0.0;"C:\Users\kludw\_DEVELOPMENT\FeatureCoPP\test_dos\07_semanticEquiv02.h";155.0;1;12.0;14.0;!(defined(A)||defined(B));2;1.0;131;0
0.0;0.0;0.0;0.0;0.0;0.0;0.0;0.0;0.0;0.0;0.0;0.0;0.0;0.0;"C:\Users\kludw\_DEVELOPMENT\FeatureCoPP\test_dos\07_semanticEquiv02.h";156.0;1;16.0;18.0;!(defined(A)||defined(B));2;1.0;131;0
0.0;0.0;0.0;0.0;0.0;0.0;0.0;0.0;0.0;0.0;0.0;0.0;0.0;0.0;"C:\Users\kludw\_DEVELOPMENT\FeatureCoPP\test_dos\07_semanticEquiv02.h";153.0;1;8.0;10.0;defined(A);1;1.0;129;0
0.0;0.0;0.0;0.0;0.0;0.0;0.0;0.0;0.0;0.0;0.0;0.0;0.0;0.0;"C:\Users\kludw\_DEVELOPMENT\FeatureCoPP\test_dos\09_contraints_01.h";224.0;1;165.0;166.0;defined(A);1;1.0;129;0
2.83;0.0;0.0;0.0;2.0;0.0;2.0;0.0;0.0;0.0;0.0;0.0;0.0;0.0;"C:\Users\kludw\_DEVELOPMENT\FeatureCoPP\test_dos\01_if_simple.h";4.0;2;6.0;9.0;HAVE_A;1;2.0;4;1
6.56;0.0;0.0;0.0;3.0;0.0;3.0;5.0;0.0;0.0;0.0;0.0;0.0;10.0;"C:\Users\kludw\_DEVELOPMENT\FeatureCoPP\test_dos\02_if_nested.h";8.0;2;6.0;29.0;HAVE_A;1;2.0;4;1
1.41;0.0;0.0;0.0;1.0;0.0;1.0;0.0;0.0;0.0;0.0;0.0;0.0;0.0;"C:\Users\kludw\_DEVELOPMENT\FeatureCoPP\test_dos\04_directiveCommentIntertwined.h";133.0;1;95.0;97.0;_ARCH_PPC;1;1.0;119;0
1.41;0.0;0.0;0.0;1.0;0.0;1.0;0.0;0.0;0.0;0.0;0.0;0.0;0.0;"C:\Users\kludw\_DEVELOPMENT\FeatureCoPP\test_dos\04_directiveCommentIntertwined.h";136.0;1;111.0;113.0;_ARCH_PPC;1;1.0;119;0
0.0;0.0;0.0;0.0;0.0;0.0;0.0;0.0;0.0;0.0;0.0;0.0;0.0;0.0;"C:\Users\kludw\_DEVELOPMENT\FeatureCoPP\test_dos\03_literal.h";57.0;1;47.0;48.0;('C'==67);0;1.0;56;0
0.0;0.0;0.0;0.0;0.0;0.0;0.0;0.0;0.0;0.0;0.0;0.0;0.0;0.0;"C:\Users\kludw\_DEVELOPMENT\FeatureCoPP\test_dos\03_literal.h";83.0;1;73.0;74.0;(']'==93);0;1.0;82;0
0.0;0.0;0.0;0.0;0.0;0.0;0.0;0.0;0.0;0.0;0.0;0.0;0.0;0.0;"C:\Users\kludw\_DEVELOPMENT\FeatureCoPP\test_dos\09_contraints_01.h";227.0;1;174.0;175.0;!defined(D);1;1.0;199;0
0.0;0.0;0.0;0.0;0.0;0.0;0.0;0.0;0.0;0.0;0.0;0.0;0.0;0.0;"C:\Users\kludw\_DEVELOPMENT\FeatureCoPP\test_dos\09_contraints_01.h";214.0;1;115.0;116.0;A%B==2;2;1.0;189;0
0.0;0.0;0.0;0.0;0.0;0.0;0.0;0.0;0.0;0.0;0.0;0.0;0.0;0.0;"C:\Users\kludw\_DEVELOPMENT\FeatureCoPP\test_dos\03_literal.h";60.0;1;50.0;51.0;('F'==70);0;1.0;59;0
0.0;0.0;0.0;0.0;0.0;0.0;0.0;0.0;0.0;0.0;0.0;0.0;0.0;0.0;"C:\Users\kludw\_DEVELOPMENT\FeatureCoPP\test_dos\03_literal.h";94.0;1;84.0;85.0;('h'==104);0;1.0;93;0
0.0;0.0;0.0;0.0;0.0;0.0;0.0;0.0;0.0;0.0;0.0;0.0;0.0;0.0;"C:\Users\kludw\_DEVELOPMENT\FeatureCoPP\test_dos\03_literal.h";17.0;1;7.0;8.0;('\t'==9);0;1.0;16;0
0.0;0.0;0.0;0.0;0.0;0.0;0.0;0.0;0.0;0.0;0.0;0.0;0.0;0.0;"C:\Users\kludw\_DEVELOPMENT\FeatureCoPP\test_dos\03_literal.h";111.0;1;101.0;102.0;('y'==121);0;1.0;110;0
2.83;0.0;0.0;0.0;2.0;0.0;2.0;0.0;0.0;0.0;0.0;0.0;0.0;0.0;"C:\Users\kludw\_DEVELOPMENT\FeatureCoPP\test_dos\01_if_simple.h";5.0;2;11.0;14.0;HAVE_B&&HAVE_C;2;2.0;5;0
0.0;0.0;0.0;0.0;0.0;0.0;0.0;0.0;0.0;0.0;0.0;0.0;0.0;0.0;"C:\Users\kludw\_DEVELOPMENT\FeatureCoPP\test_dos\03_literal.h";34.0;1;24.0;25.0;(','==44);0;1.0;33;0
0.0;0.0;0.0;0.0;0.0;0.0;0.0;0.0;0.0;0.0;0.0;0.0;0.0;0.0;"C:\Users\kludw\_DEVELOPMENT\FeatureCoPP\test_dos\03_literal.h";38.0;1;28.0;29.0;('0'==48);0;1.0;37;0
0.0;0.0;0.0;0.0;0.0;0.0;0.0;0.0;0.0;0.0;0.0;0.0;0.0;0.0;"C:\Users\kludw\_DEVELOPMENT\FeatureCoPP\test_dos\03_literal.h";76.0;1;66.0;67.0;('V'==86);0;1.0;75;0
0.0;0.0;0.0;0.0;0.0;0.0;0.0;0.0;0.0;0.0;0.0;0.0;0.0;0.0;"C:\Users\kludw\_DEVELOPMENT\FeatureCoPP\test_dos\03_literal.h";27.0;1;17.0;18.0;('%'==37);0;1.0;26;0
0.0;0.0;0.0;0.0;0.0;0.0;0.0;0.0;0.0;0.0;0.0;0.0;0.0;0.0;"C:\Users\kludw\_DEVELOPMENT\FeatureCoPP\test_dos\03_literal.h";96.0;1;86.0;87.0;('j'==106);0;1.0;95;0
0.0;0.0;0.0;0.0;0.0;0.0;0.0;0.0;0.0;0.0;0.0;0.0;0.0;0.0;"C:\Users\kludw\_DEVELOPMENT\FeatureCoPP\test_dos\09_contraints_01.h";204.0;1;78.0;79.0;A<=4711;1;1.0;179;0
0.0;0.0;0.0;0.0;0.0;0.0;0.0;0.0;0.0;0.0;0.0;0.0;0.0;0.0;"C:\Users\kludw\_DEVELOPMENT\FeatureCoPP\test_dos\03_literal.h";108.0;1;98.0;99.0;('v'==118);0;1.0;107;0
1.0;0.0;0.0;0.0;0.0;0.0;0.0;1.0;0.0;0.0;0.0;0.0;0.0;0.0;"C:\Users\kludw\_DEVELOPMENT\FeatureCoPP\test_dos\08_literal_eval.h";178.0;1;31.0;32.0;!0;0;1.0;153;0
1.0;0.0;0.0;0.0;0.0;0.0;0.0;1.0;0.0;0.0;0.0;0.0;0.0;0.0;"C:\Users\kludw\_DEVELOPMENT\FeatureCoPP\test_dos\08_literal_eval.h";180.0;1;33.0;34.0;2;0;1.0;155;0
0.0;0.0;0.0;0.0;0.0;0.0;0.0;0.0;0.0;0.0;0.0;0.0;0.0;0.0;"C:\Users\kludw\_DEVELOPMENT\FeatureCoPP\test_dos\03_literal.h";72.0;1;62.0;63.0;('R'==82);0;1.0;71;0
1.0;0.0;0.0;0.0;1.0;0.0;0.0;0.0;0.0;0.0;0.0;0.0;0.0;0.0;"C:\Users\kludw\_DEVELOPMENT\FeatureCoPP\test_dos\11_testFMacro.h";239.0;1;1.0;3.0;IS_FOO(A,1,defined(BAR));2;1.0;206;0
0.0;0.0;0.0;0.0;0.0;0.0;0.0;0.0;0.0;0.0;0.0;0.0;0.0;0.0;"C:\Users\kludw\_DEVELOPMENT\FeatureCoPP\test_dos\03_literal.h";69.0;1;59.0;60.0;('O'==79);0;1.0;68;0
0.0;0.0;0.0;0.0;0.0;0.0;0.0;0.0;0.0;0.0;0.0;0.0;0.0;0.0;"C:\Users\kludw\_DEVELOPMENT\FeatureCoPP\test_dos\09_contraints_01.h";222.0;1;159.0;160.0;!A;1;1.0;195;0
0.0;0.0;0.0;0.0;0.0;0.0;0.0;0.0;0.0;0.0;0.0;0.0;0.0;0.0;"C:\Users\kludw\_DEVELOPMENT\FeatureCoPP\test_dos\03_literal.h";45.0;1;35.0;36.0;('7'==55);0;1.0;44;0
1.0;0.0;0.0;0.0;0.0;0.0;0.0;1.0;0.0;0.0;0.0;0.0;0.0;0.0;"C:\Users\kludw\_DEVELOPMENT\FeatureCoPP\test_dos\08_literal_eval.h";176.0;1;29.0;30.0;5||0;0;1.0;151;0
0.0;0.0;0.0;0.0;0.0;0.0;0.0;0.0;0.0;0.0;0.0;0.0;0.0;0.0;"C:\Users\kludw\_DEVELOPMENT\FeatureCoPP\test_dos\09_contraints_01.h";225.0;1;168.0;169.0;!defined(B);1;1.0;197;0
0.0;0.0;0.0;0.0;0.0;0.0;0.0;0.0;0.0;0.0;0.0;0.0;0.0;0.0;"C:\Users\kludw\_DEVELOPMENT\FeatureCoPP\test_dos\03_literal.h";71.0;1;61.0;62.0;('Q'==81);0;1.0;70;0
0.0;0.0;0.0;0.0;0.0;0.0;0.0;0.0;0.0;0.0;0.0;0.0;0.0;0.0;"C:\Users\kludw\_DEVELOPMENT\FeatureCoPP\test_dos\03_literal.h";101.0;1;91.0;92.0;('o'==111);0;1.0;100;0
1.0;0.0;0.0;0.0;0.0;0.0;0.0;1.0;0.0;0.0;0.0;0.0;0.0;0.0;"C:\Users\kludw\_DEVELOPMENT\FeatureCoPP\test_dos\08_literal_eval.h";177.0;1;30.0;31.0;3&&1;0;1.0;152;0
0.0;0.0;0.0;0.0;0.0;0.0;0.0;0.0;0.0;0.0;0.0;0.0;0.0;0.0;"C:\Users\kludw\_DEVELOPMENT\FeatureCoPP\test_dos\03_literal.h";19.0;1;9.0;10.0;('\v'==11);0;1.0;18;0
0.0;0.0;0.0;0.0;0.0;0.0;0.0;0.0;0.0;0.0;0.0;0.0;0.0;0.0;"C:\Users\kludw\_DEVELOPMENT\FeatureCoPP\test_dos\03_literal.h";22.0;1;12.0;13.0;(' '==32);0;1.0;21;0
0.0;0.0;0.0;0.0;0.0;0.0;0.0;0.0;0.0;0.0;0.0;0.0;0.0;0.0;"C:\Users\kludw\_DEVELOPMENT\FeatureCoPP\test_dos\03_literal.h";15.0;1;5.0;6.0;('\a'==7);0;1.0;14;0
0.0;0.0;0.0;0.0;0.0;0.0;0.0;0.0;0.0;0.0;0.0;0.0;0.0;0.0;"C:\Users\kludw\_DEVELOPMENT\FeatureCoPP\test_dos\03_literal.h";23.0;1;13.0;14.0;('!'==33);0;1.0;22;0
0.0;0.0;0.0;0.0;0.0;0.0;0.0;0.0;0.0;0.0;0.0;0.0;0.0;0.0;"C:\Users\kludw\_DEVELOPMENT\FeatureCoPP\test_dos\03_literal.h";113.0;1;103.0;104.0;('{'==123);0;1.0;112;0
0.0;0.0;0.0;0.0;0.0;0.0;0.0;0.0;0.0;0.0;0.0;0.0;0.0;0.0;"C:\Users\kludw\_DEVELOPMENT\FeatureCoPP\test_dos\03_literal.h";41.0;1;31.0;32.0;('3'==51);0;1.0;40;0
0.0;0.0;0.0;0.0;0.0;0.0;0.0;0.0;0.0;0.0;0.0;0.0;0.0;0.0;"C:\Users\kludw\_DEVELOPMENT\FeatureCoPP\test_dos\03_literal.h";20.0;1;10.0;11.0;('\f'==12);0;1.0;19;0
0.0;0.0;0.0;0.0;0.0;0.0;0.0;0.0;0.0;0.0;0.0;0.0;0.0;0.0;"C:\Users\kludw\_DEVELOPMENT\FeatureCoPP\test_dos\03_literal.h";26.0;1;16.0;17.0;('$'==36);0;1.0;25;0
0.0;0.0;0.0;0.0;0.0;0.0;0.0;0.0;0.0;0.0;0.0;0.0;0.0;0.0;"C:\Users\kludw\_DEVELOPMENT\FeatureCoPP\test_dos\03_literal.h";87.0;1;77.0;78.0;('a'==97);0;1.0;86;0
1.0;0.0;0.0;0.0;0.0;0.0;0.0;1.0;0.0;0.0;0.0;0.0;0.0;0.0;"C:\Users\kludw\_DEVELOPMENT\FeatureCoPP\test_dos\08_literal_eval.h";157.0;1;4.0;5.0;1+2*3;0;1.0;132;0
0.0;0.0;0.0;0.0;0.0;0.0;0.0;0.0;0.0;0.0;0.0;0.0;0.0;0.0;"C:\Users\kludw\_DEVELOPMENT\FeatureCoPP\test_dos\03_literal.h";98.0;1;88.0;89.0;('l'==108);0;1.0;97;0
0.0;0.0;0.0;0.0;0.0;0.0;0.0;0.0;0.0;0.0;0.0;0.0;0.0;0.0;"C:\Users\kludw\_DEVELOPMENT\FeatureCoPP\test_dos\03_literal.h";53.0;1;43.0;44.0;('?'==63);0;1.0;52;0
0.0;0.0;0.0;0.0;0.0;0.0;0.0;0.0;0.0;0.0;0.0;0.0;0.0;0.0;"C:\Users\kludw\_DEVELOPMENT\FeatureCoPP\test_dos\03_literal.h";75.0;1;65.0;66.0;('U'==85);0;1.0;74;0
5.2;0.0;0.0;0.0;3.0;0.0;3.0;3.0;0.0;0.0;0.0;0.0;0.0;6.0;"C:\Users\kludw\_DEVELOPMENT\FeatureCoPP\test_dos\02_if_nested.h";10.0;3;13.0;27.0;(HAVE_D1||HAVE_E1)&&HAVE_F1;3;3.0;9;0
1.0;0.0;0.0;0.0;0.0;0.0;0.0;1.0;0.0;0.0;0.0;0.0;0.0;0.0;"C:\Users\kludw\_DEVELOPMENT\FeatureCoPP\test_dos\05_ignoreComments.h";140.0;2;31.0;33.0;!defined(__STDC__);1;2.0;125;0
2.24;0.0;0.0;0.0;1.0;0.0;0.0;2.0;0.0;0.0;0.0;0.0;0.0;3.0;"C:\Users\kludw\_DEVELOPMENT\FeatureCoPP\test_dos\09_contraints_01.h";215.0;1;136.0;144.0;(__DATA&PK_NORMAL_PRESSURE);2;1.0;190;0
1.0;0.0;0.0;0.0;1.0;0.0;0.0;0.0;0.0;0.0;0.0;0.0;0.0;2.0;"C:\Users\kludw\_DEVELOPMENT\FeatureCoPP\test_dos\11_testFMacro.h";240.0;1;6.0;11.0;IS_FOO(B);1;1.0;207;0
0.0;0.0;0.0;0.0;0.0;0.0;0.0;0.0;0.0;0.0;0.0;0.0;0.0;0.0;"C:\Users\kludw\_DEVELOPMENT\FeatureCoPP\test_dos\03_literal.h";39.0;1;29.0;30.0;('1'==49);0;1.0;38;0
1.0;0.0;0.0;0.0;0.0;0.0;0.0;1.0;0.0;0.0;0.0;0.0;0.0;0.0;"C:\Users\kludw\_DEVELOPMENT\FeatureCoPP\test_dos\08_literal_eval.h";159.0;1;6.0;7.0;-1+-1;0;1.0;134;0
2.0;0.0;0.0;0.0;0.0;0.0;0.0;2.0;0.0;0.0;0.0;0.0;0.0;0.0;"C:\Users\kludw\_DEVELOPMENT\FeatureCoPP\test_dos\04_directiveCommentIntertwined.h";134.0;1;97.0;104.0;_ARCH_PPC<2||defined(A);2;1.0;120;0
0.0;0.0;0.0;0.0;0.0;0.0;0.0;0.0;0.0;0.0;0.0;0.0;0.0;0.0;"C:\Users\kludw\_DEVELOPMENT\FeatureCoPP\test_dos\09_contraints_01.h";206.0;1;86.0;87.0;B>=4711;1;1.0;181;0
0.0;0.0;0.0;0.0;0.0;0.0;0.0;0.0;0.0;0.0;0.0;0.0;0.0;0.0;"C:\Users\kludw\_DEVELOPMENT\FeatureCoPP\test_dos\03_literal.h";58.0;1;48.0;49.0;('D'==68);0;1.0;57;0
0.0;0.0;0.0;0.0;0.0;0.0;0.0;0.0;0.0;0.0;0.0;0.0;0.0;0.0;"C:\Users\kludw\_DEVELOPMENT\FeatureCoPP\test_dos\09_contraints_01.h";226.0;1;171.0;172.0;defined(C);1;1.0;198;0
1.0;0.0;0.0;0.0;0.0;0.0;0.0;1.0;0.0;0.0;0.0;0.0;0.0;5.0;"C:\Users\kludw\_DEVELOPMENT\FeatureCoPP\test_dos\05_ignoreComments.h";138.0;1;28.0;35.0;defined(__KERNEL__);1;1.0;123;0
0.0;0.0;0.0;0.0;0.0;0.0;0.0;0.0;0.0;0.0;0.0;0.0;0.0;0.0;"C:\Users\kludw\_DEVELOPMENT\FeatureCoPP\test_dos\03_literal.h";35.0;1;25.0;26.0;('-'==45);0;1.0;34;0
1.0;0.0;0.0;0.0;0.0;0.0;0.0;1.0;0.0;0.0;0.0;0.0;0.0;0.0;"C:\Users\kludw\_DEVELOPMENT\FeatureCoPP\test_dos\08_literal_eval.h";174.0;1;27.0;28.0;1>=1;0;1.0;149;0
1.0;0.0;0.0;0.0;0.0;0.0;0.0;1.0;0.0;0.0;0.0;0.0;0.0;0.0;"C:\Users\kludw\_DEVELOPMENT\FeatureCoPP\test_dos\08_literal_eval.h";158.0;1;5.0;6.0;1*4/2;0;1.0;133;0
0.0;0.0;0.0;0.0;0.0;0.0;0.0;0.0;0.0;0.0;0.0;0.0;0.0;0.0;"C:\Users\kludw\_DEVELOPMENT\FeatureCoPP\test_dos\03_literal.h";77.0;1;67.0;68.0;('W'==87);0;1.0;76;0
0.0;0.0;0.0;0.0;0.0;0.0;0.0;0.0;0.0;0.0;0.0;0.0;0.0;0.0;"C:\Users\kludw\_DEVELOPMENT\FeatureCoPP\test_dos\03_literal.h";33.0;1;23.0;24.0;('+'==43);0;1.0;32;0
0.0;0.0;0.0;0.0;0.0;0.0;0.0;0.0;0.0;0.0;0.0;0.0;0.0;0.0;"C:\Users\kludw\_DEVELOPMENT\FeatureCoPP\test_dos\03_literal.h";104.0;1;94.0;95.0;('r'==114);0;1.0;103;0
0.0;0.0;0.0;0.0;0.0;0.0;0.0;0.0;0.0;0.0;0.0;0.0;0.0;0.0;"C:\Users\kludw\_DEVELOPMENT\FeatureCoPP\test_dos\09_contraints_01.h";188.0;1;15.0;16.0;!A?A==5&&A<B:A==3&&A>B;2;1.0;163;0
0.0;0.0;0.0;0.0;0.0;0.0;0.0;0.0;0.0;0.0;0.0;0.0;0.0;0.0;"C:\Users\kludw\_DEVELOPMENT\FeatureCoPP\test_dos\03_literal.h";40.0;1;30.0;31.0;('2'==50);0;1.0;39;0
0.0;0.0;0.0;0.0;0.0;0.0;0.0;0.0;0.0;0.0;0.0;0.0;0.0;0.0;"C:\Users\kludw\_DEVELOPMENT\FeatureCoPP\test_dos\03_literal.h";88.0;1;78.0;79.0;('b'==98);0;1.0;87;0
0.0;0.0;0.0;0.0;0.0;0.0;0.0;0.0;0.0;0.0;0.0;0.0;0.0;0.0;"C:\Users\kludw\_DEVELOPMENT\FeatureCoPP\test_dos\03_literal.h";91.0;1;81.0;82.0;('e'==101);0;1.0;90;0
0.0;0.0;0.0;0.0;0.0;0.0;0.0;0.0;0.0;0.0;0.0;0.0;0.0;0.0;"C:\Users\kludw\_DEVELOPMENT\FeatureCoPP\test_dos\03_literal.h";52.0;1;42.0;43.0;('>'==62);0;1.0;51;0
3.0;0.0;0.0;0.0;0.0;0.0;0.0;3.0;0.0;0.0;0.0;0.0;0.0;0.0;"C:\Users\kludw\_DEVELOPMENT\FeatureCoPP\test_dos\04_directiveCommentIntertwined.h";137.0;1;113.0;124.0;_ARCH_PPC<2&&defined(HAVE_A)&&defined(HAVE_B);3;1.0;122;1
0.0;0.0;0.0;0.0;0.0;0.0;0.0;0.0;0.0;0.0;0.0;0.0;0.0;0.0;"C:\Users\kludw\_DEVELOPMENT\FeatureCoPP\test_dos\03_literal.h";65.0;1;55.0;56.0;('K'==75);0;1.0;64;0
0.0;0.0;0.0;0.0;0.0;0.0;0.0;0.0;0.0;0.0;0.0;0.0;0.0;0.0;"C:\Users\kludw\_DEVELOPMENT\FeatureCoPP\test_dos\03_literal.h";115.0;1;105.0;106.0;('}'==125);0;1.0;114;0
0.0;0.0;0.0;0.0;0.0;0.0;0.0;0.0;0.0;0.0;0.0;0.0;0.0;0.0;"C:\Users\kludw\_DEVELOPMENT\FeatureCoPP\test_dos\03_literal.h";21.0;1;11.0;12.0;('\r'==13);0;1.0;20;0
2.83;0.0;0.0;0.0;2.0;0.0;2.0;0.0;0.0;0.0;0.0;0.0;0.0;0.0;"C:\Users\kludw\_DEVELOPMENT\FeatureCoPP\test_dos\01_if_simple.h";6.0;2;16.0;19.0;(HAVE_D||HAVE_E)&&HAVE_F;3;2.0;6;0
0.0;0.0;0.0;0.0;0.0;0.0;0.0;0.0;0.0;0.0;0.0;0.0;0.0;0.0;"C:\Users\kludw\_DEVELOPMENT\FeatureCoPP\test_dos\03_literal.h";63.0;1;53.0;54.0;('I'==73);0;1.0;62;0
0.0;0.0;0.0;0.0;0.0;0.0;0.0;0.0;0.0;0.0;0.0;0.0;0.0;0.0;"C:\Users\kludw\_DEVELOPMENT\FeatureCoPP\test_dos\03_literal.h";47.0;1;37.0;38.0;('9'==57);0;1.0;46;0
3.0;0.0;0.0;0.0;0.0;0.0;0.0;3.0;0.0;0.0;0.0;0.0;0.0;0.0;"C:\Users\kludw\_DEVELOPMENT\FeatureCoPP\test_dos\08_literal_eval.h";161.0;1;8.0;11.0;2%(5-2);0;1.0;136;0
0.0;0.0;0.0;0.0;0.0;0.0;0.0;0.0;0.0;0.0;0.0;0.0;0.0;0.0;"C:\Users\kludw\_DEVELOPMENT\FeatureCoPP\test_dos\03_literal.h";70.0;1;60.0;61.0;('P'==80);0;1.0;69;0
1.41;0.0;0.0;0.0;1.0;0.0;1.0;0.0;0.0;0.0;0.0;0.0;0.0;0.0;"C:\Users\kludw\_DEVELOPMENT\FeatureCoPP\test_dos\13_sameDirectiveSameLevel.h";249.0;1;19.0;21.0;!(A||A||A);1;1.0;211;0
0.0;0.0;0.0;0.0;0.0;0.0;0.0;0.0;0.0;0.0;0.0;0.0;0.0;0.0;"C:\Users\kludw\_DEVELOPMENT\FeatureCoPP\test_dos\09_contraints_01.h";196.0;1;46.0;47.0;A&B;2;1.0;171;0
0.0;0.0;0.0;0.0;0.0;0.0;0.0;0.0;0.0;0.0;0.0;0.0;0.0;0.0;"C:\Users\kludw\_DEVELOPMENT\FeatureCoPP\test_dos\09_contraints_01.h";199.0;1;58.0;59.0;A==B;2;1.0;174;0
0.0;0.0;0.0;0.0;0.0;0.0;0.0;0.0;0.0;0.0;0.0;0.0;0.0;0.0;"C:\Users\kludw\_DEVELOPMENT\FeatureCoPP\test_dos\03_literal.h";64.0;1;54.0;55.0;('J'==74);0;1.0;63;0
0.0;0.0;0.0;0.0;0.0;0.0;0.0;0.0;0.0;0.0;0.0;0.0;0.0;0.0;"C:\Users\kludw\_DEVELOPMENT\FeatureCoPP\test_dos\03_literal.h";51.0;1;41.0;42.0;('='==61);0;1.0;50;0
0.0;0.0;0.0;0.0;0.0;0.0;0.0;0.0;0.0;0.0;0.0;0.0;0.0;0.0;"C:\Users\kludw\_DEVELOPMENT\FeatureCoPP\test_dos\09_contraints_01.h";209.0;1;98.0;99.0;16>>3;0;1.0;184;0
0.0;0.0;0.0;0.0;0.0;0.0;0.0;0.0;0.0;0.0;0.0;0.0;0.0;0.0;"C:\Users\kludw\_DEVELOPMENT\FeatureCoPP\test_dos\03_literal.h";93.0;1;83.0;84.0;('g'==103);0;1.0;92;0
1.0;0.0;0.0;0.0;0.0;0.0;0.0;1.0;0.0;0.0;0.0;0.0;0.0;0.0;"C:\Users\kludw\_DEVELOPMENT\FeatureCoPP\test_dos\08_literal_eval.h";170.0;1;23.0;24.0;1<=1;0;1.0;145;0
0.0;0.0;0.0;0.0;0.0;0.0;0.0;0.0;0.0;0.0;0.0;0.0;0.0;0.0;"C:\Users\kludw\_DEVELOPMENT\FeatureCoPP\test_dos\03_literal.h";106.0;1;96.0;97.0;('t'==116);0;1.0;105;0
0.0;0.0;0.0;0.0;0.0;0.0;0.0;0.0;0.0;0.0;0.0;0.0;0.0;0.0;"C:\Users\kludw\_DEVELOPMENT\FeatureCoPP\test_dos\03_literal.h";89.0;1;79.0;80.0;('c'==99);0;1.0;88;0
0.0;0.0;0.0;0.0;0.0;0.0;0.0;0.0;0.0;0.0;0.0;0.0;0.0;0.0;"C:\Users\kludw\_DEVELOPMENT\FeatureCoPP\test_dos\07_semanticEquiv02.h";154.0;1;10.0;12.0;defined(B);1;1.0;130;0
0.0;0.0;0.0;0.0;0.0;0.0;0.0;0.0;0.0;0.0;0.0;0.0;0.0;0.0;"C:\Users\kludw\_DEVELOPMENT\FeatureCoPP\test_dos\03_literal.h";28.0;1;18.0;19.0;('&'==38);0;1.0;27;0
0.0;0.0;0.0;0.0;0.0;0.0;0.0;0.0;0.0;0.0;0.0;0.0;0.0;0.0;"C:\Users\kludw\_DEVELOPMENT\FeatureCoPP\test_dos\03_literal.h";110.0;1;100.0;101.0;('x'==120);0;1.0;109;0
1.0;0.0;0.0;0.0;0.0;0.0;0.0;1.0;0.0;0.0;0.0;0.0;0.0;0.0;"C:\Users\kludw\_DEVELOPMENT\FeatureCoPP\test_dos\08_literal_eval.h";184.0;1;37.0;38.0;1?4*4:2*2;0;1.0;159;0
0.0;0.0;0.0;0.0;0.0;0.0;0.0;0.0;0.0;0.0;0.0;0.0;0.0;0.0;"C:\Users\kludw\_DEVELOPMENT\FeatureCoPP\test_dos\03_literal.h";46.0;1;36.0;37.0;('8'==56);0;1.0;45;0
0.0;0.0;0.0;0.0;0.0;0.0;0.0;0.0;0.0;0.0;0.0;0.0;0.0;0.0;"C:\Users\kludw\_DEVELOPMENT\FeatureCoPP\test_dos\09_contraints_01.h";189.0;1;18.0;19.0;A?A==5&&A<B:A==3&&A>B;2;1.0;164;0
0.0;0.0;0.0;0.0;0.0;0.0;0.0;0.0;0.0;0.0;0.0;0.0;0.0;0.0;"C:\Users\kludw\_DEVELOPMENT\FeatureCoPP\test_dos\09_contraints_01.h";190.0;1;22.0;23.0;A||B;2;1.0;165;0
0.0;0.0;0.0;0.0;0.0;0.0;0.0;0.0;0.0;0.0;0.0;0.0;0.0;0.0;"C:\Users\kludw\_DEVELOPMENT\FeatureCoPP\test_dos\03_literal.h";32.0;1;22.0;23.0;('*'==42);0;1.0;31;0
0.0;0.0;0.0;0.0;0.0;0.0;0.0;0.0;0.0;0.0;0.0;0.0;0.0;0.0;"C:\Users\kludw\_DEVELOPMENT\FeatureCoPP\test_dos\03_literal.h";107.0;1;97.0;98.0;('u'==117);0;1.0;106;0
0.0;0.0;0.0;0.0;0.0;0.0;0.0;0.0;0.0;0.0;0.0;0.0;0.0;0.0;"C:\Users\kludw\_DEVELOPMENT\FeatureCoPP\test_dos\03_literal.h";85.0;1;75.0;76.0;('_'==95);0;1.0;84;0
0.0;0.0;0.0;0.0;0.0;0.0;0.0;0.0;0.0;0.0;0.0;0.0;0.0;0.0;"C:\Users\kludw\_DEVELOPMENT\FeatureCoPP\test_dos\03_literal.h";78.0;1;68.0;69.0;('X'==88);0;1.0;77;0
0.0;0.0;0.0;0.0;0.0;0.0;0.0;0.0;0.0;0.0;0.0;0.0;0.0;0.0;"C:\Users\kludw\_DEVELOPMENT\FeatureCoPP\test_dos\03_literal.h";59.0;1;49.0;50.0;('E'==69);0;1.0;58;0
1.0;0.0;0.0;0.0;0.0;0.0;0.0;1.0;0.0;0.0;0.0;0.0;0.0;0.0;"C:\Users\kludw\_DEVELOPMENT\FeatureCoPP\test_dos\08_literal_eval.h";183.0;1;36.0;37.0;(1>2)<(2>0);0;1.0;158;0
1.0;0.0;0.0;0.0;0.0;0.0;0.0;1.0;0.0;0.0;0.0;0.0;0.0;0.0;"C:\Users\kludw\_DEVELOPMENT\FeatureCoPP\test_dos\08_literal_eval.h";165.0;1;14.0;15.0;8>>1;0;1.0;140;0
0.0;0.0;0.0;0.0;0.0;0.0;0.0;0.0;0.0;0.0;0.0;0.0;0.0;1.0;"C:\Users\kludw\_DEVELOPMENT\FeatureCoPP\test_dos\05_ignoreComments.h";139.0;2;29.0;31.0;defined(__STDC__);1;2.0;124;0
1.0;0.0;0.0;0.0;0.0;0.0;0.0;1.0;0.0;0.0;0.0;0.0;0.0;0.0;"C:\Users\kludw\_DEVELOPMENT\FeatureCoPP\test_dos\08_literal_eval.h";162.0;1;11.0;12.0;1|2;0;1.0;137;0
0.0;0.0;0.0;0.0;0.0;0.0;0.0;0.0;0.0;0.0;0.0;0.0;0.0;0.0;"C:\Users\kludw\_DEVELOPMENT\FeatureCoPP\test_dos\03_literal.h";36.0;1;26.0;27.0;('.'==46);0;1.0;35;0
0.0;0.0;0.0;0.0;0.0;0.0;0.0;0.0;0.0;0.0;0.0;0.0;0.0;0.0;"C:\Users\kludw\_DEVELOPMENT\FeatureCoPP\test_dos\03_literal.h";95.0;1;85.0;86.0;('i'==105);0;1.0;94;0
0.0;0.0;0.0;0.0;0.0;0.0;0.0;0.0;0.0;0.0;0.0;0.0;0.0;0.0;"C:\Users\kludw\_DEVELOPMENT\FeatureCoPP\test_dos\03_literal.h";74.0;1;64.0;65.0;('T'==84);0;1.0;73;0
0.0;0.0;0.0;0.0;0.0;0.0;0.0;0.0;0.0;0.0;0.0;0.0;0.0;0.0;"C:\Users\kludw\_DEVELOPMENT\FeatureCoPP\test_dos\03_literal.h";100.0;1;90.0;91.0;('n'==110);0;1.0;99;0
0.0;0.0;0.0;0.0;0.0;0.0;0.0;0.0;0.0;0.0;0.0;0.0;0.0;0.0;"C:\Users\kludw\_DEVELOPMENT\FeatureCoPP\test_dos\03_literal.h";112.0;1;102.0;103.0;('z'==122);0;1.0;111;0
0.0;0.0;0.0;0.0;0.0;0.0;0.0;0.0;0.0;0.0;0.0;0.0;0.0;0.0;"C:\Users\kludw\_DEVELOPMENT\FeatureCoPP\test_dos\03_literal.h";81.0;1;71.0;72.0;('['==91);0;1.0;80;0
1.0;0.0;0.0;0.0;0.0;0.0;0.0;1.0;0.0;0.0;0.0;0.0;0.0;0.0;"C:\Users\kludw\_DEVELOPMENT\FeatureCoPP\test_dos\08_literal_eval.h";164.0;1;13.0;14.0;2^1;0;1.0;139;0
0.0;0.0;0.0;0.0;0.0;0.0;0.0;0.0;0.0;0.0;0.0;0.0;0.0;0.0;"C:\Users\kludw\_DEVELOPMENT\FeatureCoPP\test_dos\09_contraints_01.h";192.0;1;30.0;31.0;A|B;2;1.0;167;0
0.0;0.0;0.0;0.0;0.0;0.0;0.0;0.0;0.0;0.0;0.0;0.0;0.0;0.0;"C:\Users\kludw\_DEVELOPMENT\FeatureCoPP\test_dos\03_literal.h";97.0;1;87.0;88.0;('k'==107);0;1.0;96;0
0.0;0.0;0.0;0.0;0.0;0.0;0.0;0.0;0.0;0.0;0.0;0.0;0.0;0.0;"C:\Users\kludw\_DEVELOPMENT\FeatureCoPP\test_dos\03_literal.h";44.0;1;34.0;35.0;('6'==54);0;1.0;43;0
0.0;0.0;0.0;0.0;0.0;0.0;0.0;0.0;0.0;0.0;0.0;0.0;0.0;0.0;"C:\Users\kludw\_DEVELOPMENT\FeatureCoPP\test_dos\03_literal.h";18.0;1;8.0;9.0;('\n'==10);0;1.0;17;0
0.0;0.0;0.0;0.0;0.0;0.0;0.0;0.0;0.0;0.0;0.0;0.0;0.0;0.0;"C:\Users\kludw\_DEVELOPMENT\FeatureCoPP\test_dos\09_contraints_01.h";212.0;1;107.0;108.0;A*B;2;1.0;187;0
0.0;0.0;0.0;0.0;0.0;0.0;0.0;0.0;0.0;0.0;0.0;0.0;0.0;0.0;"C:\Users\kludw\_DEVELOPMENT\FeatureCoPP\test_dos\03_literal.h";50.0;1;40.0;41.0;('<'==60);0;1.0;49;0
1.0;0.0;0.0;0.0;0.0;0.0;0.0;1.0;0.0;0.0;0.0;0.0;0.0;0.0;"C:\Users\kludw\_DEVELOPMENT\FeatureCoPP\test_dos\08_literal_eval.h";173.0;1;26.0;27.0;2>1;0;1.0;148;0
2.65;0.0;0.0;1.0;2.0;0.0;1.0;1.0;0.0;0.0;0.0;0.0;0.0;0.0;"C:\Users\kludw\_DEVELOPMENT\FeatureCoPP\test_dos\12_implicitFDecl.c";242.0;1;10.0;19.0;!defined(CONFIG_SMP);1;1.0;209;0
1.0;0.0;0.0;0.0;0.0;0.0;0.0;1.0;0.0;0.0;0.0;0.0;0.0;0.0;"C:\Users\kludw\_DEVELOPMENT\FeatureCoPP\test_dos\08_literal_eval.h";181.0;1;34.0;35.0;+1;0;1.0;156;0
1.0;0.0;0.0;0.0;0.0;0.0;0.0;1.0;0.0;0.0;0.0;0.0;0.0;0.0;"C:\Users\kludw\_DEVELOPMENT\FeatureCoPP\test_dos\08_literal_eval.h";168.0;1;21.0;22.0;1<2;0;1.0;143;0
0.0;0.0;0.0;0.0;0.0;0.0;0.0;0.0;0.0;0.0;0.0;0.0;0.0;0.0;"C:\Users\kludw\_DEVELOPMENT\FeatureCoPP\test_dos\03_literal.h";14.0;1;4.0;5.0;('\0'==0);0;1.0;13;0
0.0;0.0;0.0;0.0;0.0;0.0;0.0;0.0;0.0;0.0;0.0;0.0;0.0;0.0;"C:\Users\kludw\_DEVELOPMENT\FeatureCoPP\test_dos\03_literal.h";102.0;1;92.0;93.0;('p'==112);0;1.0;101;0
0.0;0.0;0.0;0.0;0.0;0.0;0.0;0.0;0.0;0.0;0.0;0.0;0.0;0.0;"C:\Users\kludw\_DEVELOPMENT\FeatureCoPP\test_dos\03_literal.h";66.0;1;56.0;57.0;('L'==76);0;1.0;65;0
0.0;0.0;0.0;0.0;0.0;0.0;0.0;0.0;0.0;0.0;0.0;0.0;0.0;0.0;"C:\Users\kludw\_DEVELOPMENT\FeatureCoPP\test_dos\09_contraints_01.h";228.0;1;178.0;179.0;A==010;1;1.0;200;0
0.0;0.0;0.0;0.0;0.0;0.0;0.0;0.0;0.0;0.0;0.0;0.0;0.0;0.0;"C:\Users\kludw\_DEVELOPMENT\FeatureCoPP\test_dos\03_literal.h";109.0;1;99.0;100.0;('w'==119);0;1.0;108;0
0.0;0.0;0.0;0.0;0.0;0.0;0.0;0.0;0.0;0.0;0.0;0.0;0.0;0.0;"C:\Users\kludw\_DEVELOPMENT\FeatureCoPP\test_dos\03_literal.h";80.0;1;70.0;71.0;('Z'==90);0;1.0;79;0
0.0;0.0;0.0;0.0;0.0;0.0;0.0;0.0;0.0;0.0;0.0;0.0;0.0;0.0;"C:\Users\kludw\_DEVELOPMENT\FeatureCoPP\test_dos\03_literal.h";62.0;1;52.0;53.0;('H'==72);0;1.0;61;0
0.0;0.0;0.0;0.0;0.0;0.0;0.0;0.0;0.0;0.0;0.0;0.0;0.0;0.0;"C:\Users\kludw\_DEVELOPMENT\FeatureCoPP\test_dos\03_literal.h";114.0;1;104.0;105.0;('|'==124);0;1.0;113;0
0.0;0.0;0.0;0.0;0.0;0.0;0.0;0.0;0.0;0.0;0.0;0.0;0.0;0.0;"C:\Users\kludw\_DEVELOPMENT\FeatureCoPP\test_dos\09_contraints_01.h";220.0;1;153.0;154.0;+A;1;1.0;193;0
0.0;0.0;0.0;0.0;0.0;0.0;0.0;0.0;0.0;0.0;0.0;0.0;0.0;0.0;"C:\Users\kludw\_DEVELOPMENT\FeatureCoPP\test_dos\03_literal.h";48.0;1;38.0;39.0;(':'==58);0;1.0;47;0
1.0;0.0;0.0;0.0;0.0;0.0;0.0;1.0;0.0;0.0;0.0;0.0;0.0;0.0;"C:\Users\kludw\_DEVELOPMENT\FeatureCoPP\test_dos\08_literal_eval.h";167.0;1;20.0;21.0;~5;0;1.0;142;0
0.0;0.0;0.0;0.0;0.0;0.0;0.0;0.0;0.0;0.0;0.0;0.0;0.0;0.0;"C:\Users\kludw\_DEVELOPMENT\FeatureCoPP\test_dos\09_contraints_01.h";210.0;1;101.0;102.0;A+B;2;1.0;185;0
2.83;0.0;0.0;0.0;2.0;0.0;2.0;0.0;0.0;0.0;0.0;0.0;0.0;0.0;"C:\Users\kludw\_DEVELOPMENT\FeatureCoPP\test_dos\02_if_nested.h";9.0;3;9.0;12.0;HAVE_B1&&HAVE_C1;2;3.0;8;0
0.0;0.0;0.0;0.0;0.0;0.0;0.0;0.0;0.0;0.0;0.0;0.0;0.0;0.0;"C:\Users\kludw\_DEVELOPMENT\FeatureCoPP\test_dos\03_literal.h";90.0;1;80.0;81.0;('d'==100);0;1.0;89;0
0.0;0.0;0.0;0.0;0.0;0.0;0.0;0.0;0.0;0.0;0.0;0.0;0.0;0.0;"C:\Users\kludw\_DEVELOPMENT\FeatureCoPP\test_dos\03_literal.h";103.0;1;93.0;94.0;('q'==113);0;1.0;102;0
0.0;0.0;0.0;0.0;0.0;0.0;0.0;0.0;0.0;0.0;0.0;0.0;0.0;0.0;"C:\Users\kludw\_DEVELOPMENT\FeatureCoPP\test_dos\09_contraints_01.h";197.0;1;50.0;51.0;6&3;0;1.0;172;0
0.0;0.0;0.0;0.0;0.0;0.0;0.0;0.0;0.0;0.0;0.0;0.0;0.0;0.0;"C:\Users\kludw\_DEVELOPMENT\FeatureCoPP\test_dos\09_contraints_01.h";223.0;1;162.0;163.0;~A;1;1.0;196;0
0.0;0.0;0.0;0.0;0.0;0.0;0.0;0.0;0.0;0.0;0.0;0.0;0.0;0.0;"C:\Users\kludw\_DEVELOPMENT\FeatureCoPP\test_dos\09_contraints_01.h";194.0;1;39.0;40.0;1^2;0;1.0;169;0
1.73;0.0;0.0;0.0;1.0;0.0;1.0;1.0;0.0;0.0;0.0;0.0;0.0;3.0;"C:\Users\kludw\_DEVELOPMENT\FeatureCoPP\test_dos\00_unique.h";1.0;1;6.0;11.0;!defined(_UNIQUE_H);1;1.0;1;0
0.0;0.0;0.0;0.0;0.0;0.0;0.0;0.0;0.0;0.0;0.0;0.0;0.0;0.0;"C:\Users\kludw\_DEVELOPMENT\FeatureCoPP\test_dos\09_contraints_01.h";203.0;1;74.0;75.0;A<B;2;1.0;178;0
0.0;0.0;0.0;0.0;0.0;0.0;0.0;0.0;0.0;0.0;0.0;0.0;0.0;0.0;"C:\Users\kludw\_DEVELOPMENT\FeatureCoPP\test_dos\03_literal.h";84.0;1;74.0;75.0;('^'==94);0;1.0;83;0
0.0;0.0;0.0;0.0;0.0;0.0;0.0;0.0;0.0;0.0;0.0;0.0;0.0;0.0;"C:\Users\kludw\_DEVELOPMENT\FeatureCoPP\test_dos\03_literal.h";99.0;1;89.0;90.0;('m'==109);0;1.0;98;0
0.0;0.0;0.0;0.0;0.0;0.0;0.0;0.0;0.0;0.0;0.0;0.0;0.0;0.0;"C:\Users\kludw\_DEVELOPMENT\FeatureCoPP\test_dos\03_literal.h";116.0;1;106.0;107.0;('~'==126);0;1.0;115;0
0.0;0.0;0.0;0.0;0.0;0.0;0.0;0.0;0.0;0.0;0.0;0.0;0.0;0.0;"C:\Users\kludw\_DEVELOPMENT\FeatureCoPP\test_dos\03_literal.h";31.0;1;21.0;22.0;(')'==41);0;1.0;30;0
0.0;0.0;0.0;0.0;0.0;0.0;0.0;0.0;0.0;0.0;0.0;0.0;0.0;0.0;"C:\Users\kludw\_DEVELOPMENT\FeatureCoPP\test_dos\03_literal.h";61.0;1;51.0;52.0;('G'==71);0;1.0;60;0
0.0;0.0;0.0;0.0;0.0;0.0;0.0;0.0;0.0;0.0;0.0;0.0;0.0;0.0;"C:\Users\kludw\_DEVELOPMENT\FeatureCoPP\test_dos\03_literal.h";79.0;1;69.0;70.0;('Y'==89);0;1.0;78;0
0.0;0.0;0.0;0.0;0.0;0.0;0.0;0.0;0.0;0.0;0.0;0.0;0.0;0.0;"C:\Users\kludw\_DEVELOPMENT\FeatureCoPP\test_dos\03_literal.h";86.0;1;76.0;77.0;('`'==96);0;1.0;85;0
0.0;0.0;0.0;0.0;0.0;0.0;0.0;0.0;0.0;0.0;0.0;0.0;0.0;0.0;"C:\Users\kludw\_DEVELOPMENT\FeatureCoPP\test_dos\09_contraints_01.h";230.0;1;186.0;187.0;A==0x147AE14;1;1.0;202;0
6.16;0.0;0.0;0.0;1.0;0.0;1.0;6.0;0.0;0.0;0.0;0.0;0.0;13.0;"C:\Users\kludw\_DEVELOPMENT\FeatureCoPP\test_dos\02_if_nested.h";7.0;1;4.0;31.0;!defined(_IF_NESTED_02_H);1;1.0;7;0
0.0;0.0;0.0;0.0;0.0;0.0;0.0;0.0;0.0;0.0;0.0;0.0;0.0;7.0;"C:\Users\kludw\_DEVELOPMENT\FeatureCoPP\test_dos\01_if_simple.h";3.0;1;4.0;21.0;!defined(_IF_SIMPLE_01_H);1;1.0;3;0
1.41;0.0;0.0;0.0;1.0;0.0;0.0;1.0;0.0;0.0;0.0;0.0;0.0;0.0;"C:\Users\kludw\_DEVELOPMENT\FeatureCoPP\test_dos\09_contraints_01.h";216.0;2;137.0;140.0;(__MODE&PK_NORMAL_PRESSURE);2;2.0;191;0
1.0;0.0;0.0;0.0;0.0;0.0;0.0;1.0;0.0;0.0;0.0;0.0;0.0;0.0;"C:\Users\kludw\_DEVELOPMENT\FeatureCoPP\test_dos\08_literal_eval.h";182.0;1;35.0;36.0;-1;0;1.0;157;0
0.0;0.0;0.0;0.0;0.0;0.0;0.0;0.0;0.0;0.0;0.0;0.0;0.0;0.0;"C:\Users\kludw\_DEVELOPMENT\FeatureCoPP\test_dos\03_literal.h";49.0;1;39.0;40.0;(';'==59);0;1.0;48;0
1.0;0.0;0.0;0.0;0.0;0.0;0.0;1.0;0.0;0.0;0.0;0.0;0.0;0.0;"C:\Users\kludw\_DEVELOPMENT\FeatureCoPP\test_dos\08_literal_eval.h";185.0;1;38.0;39.0;0?4*4:2*2;0;1.0;160;0
0.0;0.0;0.0;0.0;0.0;0.0;0.0;0.0;0.0;0.0;0.0;0.0;0.0;0.0;"C:\Users\kludw\_DEVELOPMENT\FeatureCoPP\test_dos\03_literal.h";16.0;1;6.0;7.0;('\b'==8);0;1.0;15;0
0.0;0.0;0.0;0.0;0.0;0.0;0.0;0.0;0.0;0.0;0.0;0.0;0.0;0.0;"C:\Users\kludw\_DEVELOPMENT\FeatureCoPP\test_dos\09_contraints_01.h";221.0;1;156.0;157.0;-A;1;1.0;194;0
0.0;0.0;0.0;0.0;0.0;0.0;0.0;0.0;0.0;0.0;0.0;0.0;0.0;0.0;"C:\Users\kludw\_DEVELOPMENT\FeatureCoPP\test_dos\03_literal.h";54.0;1;44.0;45.0;('@'==64);0;1.0;53;0
0.0;0.0;0.0;0.0;0.0;0.0;0.0;0.0;0.0;0.0;0.0;0.0;0.0;0.0;"C:\Users\kludw\_DEVELOPMENT\FeatureCoPP\test_dos\09_contraints_01.h";211.0;1;104.0;105.0;A-B;2;1.0;186;0
0.0;0.0;0.0;0.0;0.0;0.0;0.0;0.0;0.0;0.0;0.0;0.0;0.0;0.0;"C:\Users\kludw\_DEVELOPMENT\FeatureCoPP\test_dos\03_literal.h";56.0;1;46.0;47.0;('B'==66);0;1.0;55;0
0.0;0.0;0.0;0.0;0.0;0.0;0.0;0.0;0.0;0.0;0.0;0.0;0.0;0.0;"C:\Users\kludw\_DEVELOPMENT\FeatureCoPP\test_dos\09_contraints_01.h";201.0;1;66.0;67.0;A!=B;2;1.0;176;0
0.0;0.0;0.0;0.0;0.0;0.0;0.0;0.0;0.0;0.0;0.0;0.0;0.0;0.0;"C:\Users\kludw\_DEVELOPMENT\FeatureCoPP\test_dos\09_contraints_01.h";213.0;1;111.0;112.0;A/B==2;2;1.0;188;0
1.0;0.0;0.0;0.0;0.0;0.0;0.0;1.0;0.0;0.0;0.0;0.0;0.0;0.0;"C:\Users\kludw\_DEVELOPMENT\FeatureCoPP\test_dos\08_literal_eval.h";160.0;1;7.0;8.0;+2--1;0;1.0;135;0
0.0;0.0;0.0;0.0;0.0;0.0;0.0;0.0;0.0;0.0;0.0;0.0;0.0;0.0;"C:\Users\kludw\_DEVELOPMENT\FeatureCoPP\test_dos\09_contraints_01.h";191.0;1;26.0;27.0;A&&B;2;1.0;166;0
0.0;0.0;0.0;0.0;0.0;0.0;0.0;0.0;0.0;0.0;0.0;0.0;0.0;0.0;"C:\Users\kludw\_DEVELOPMENT\FeatureCoPP\test_dos\09_contraints_01.h";205.0;1;82.0;83.0;A>B;2;1.0;180;0
0.0;0.0;0.0;0.0;0.0;0.0;0.0;0.0;0.0;0.0;0.0;0.0;0.0;0.0;"C:\Users\kludw\_DEVELOPMENT\FeatureCoPP\test_dos\03_literal.h";29.0;1;19.0;20.0;('\''==39);0;1.0;28;0
0.0;0.0;0.0;0.0;0.0;0.0;0.0;0.0;0.0;0.0;0.0;0.0;0.0;0.0;"C:\Users\kludw\_DEVELOPMENT\FeatureCoPP\test_dos\03_literal.h";105.0;1;95.0;96.0;('s'==115);0;1.0;104;0
0.0;0.0;0.0;0.0;0.0;0.0;0.0;0.0;0.0;0.0;0.0;0.0;0.0;0.0;"C:\Users\kludw\_DEVELOPMENT\FeatureCoPP\test_dos\03_literal.h";92.0;1;82.0;83.0;('f'==102);0;1.0;91;0
0.0;0.0;0.0;0.0;0.0;0.0;0.0;0.0;0.0;0.0;0.0;0.0;0.0;0.0;"C:\Users\kludw\_DEVELOPMENT\FeatureCoPP\test_dos\03_literal.h";42.0;1;32.0;33.0;('4'==52);0;1.0;41;0
0.0;0.0;0.0;0.0;0.0;0.0;0.0;0.0;0.0;0.0;0.0;0.0;0.0;0.0;"C:\Users\kludw\_DEVELOPMENT\FeatureCoPP\test_dos\03_literal.h";43.0;1;33.0;34.0;('5'==53);0;1.0;42;0
0.0;0.0;0.0;0.0;0.0;0.0;0.0;0.0;0.0;0.0;0.0;0.0;0.0;0.0;"C:\Users\kludw\_DEVELOPMENT\FeatureCoPP\test_dos\03_literal.h";67.0;1;57.0;58.0;('M'==77);0;1.0;66;0
0.0;0.0;0.0;0.0;0.0;0.0;0.0;0.0;0.0;0.0;0.0;0.0;0.0;0.0;"C:\Users\kludw\_DEVELOPMENT\FeatureCoPP\test_dos\09_contraints_01.h";229.0;1;182.0;183.0;A==0xFF;1;1.0;201;0
0.0;0.0;0.0;0.0;0.0;0.0;0.0;0.0;0.0;0.0;0.0;0.0;0.0;0.0;"C:\Users\kludw\_DEVELOPMENT\FeatureCoPP\test_dos\09_contraints_01.h";186.0;1;7.0;8.0;1?1+2:3-3;0;1.0;161;0
0.0;0.0;0.0;0.0;0.0;0.0;0.0;0.0;0.0;0.0;0.0;0.0;0.0;0.0;"C:\Users\kludw\_DEVELOPMENT\FeatureCoPP\test_dos\03_literal.h";25.0;1;15.0;16.0;('#'==35);0;1.0;24;0
0.0;0.0;0.0;0.0;0.0;0.0;0.0;0.0;0.0;0.0;0.0;0.0;0.0;0.0;"C:\Users\kludw\_DEVELOPMENT\FeatureCoPP\test_dos\03_literal.h";68.0;1;58.0;59.0;('N'==78);0;1.0;67;0
0.0;0.0;0.0;0.0;0.0;0.0;0.0;0.0;0.0;0.0;0.0;0.0;0.0;0.0;"C:\Users\kludw\_DEVELOPMENT\FeatureCoPP\test_dos\03_literal.h";24.0;1;14.0;15.0;('"'==34);0;1.0;23;0
0.0;0.0;0.0;0.0;0.0;0.0;0.0;0.0;0.0;0.0;0.0;0.0;0.0;0.0;"C:\Users\kludw\_DEVELOPMENT\FeatureCoPP\test_dos\03_literal.h";82.0;1;72.0;73.0;('\\'==92);0;1.0;81;0
0.0;0.0;0.0;0.0;0.0;0.0;0.0;0.0;0.0;0.0;0.0;0.0;0.0;0.0;"C:\Users\kludw\_DEVELOPMENT\FeatureCoPP\test_dos\03_literal.h";37.0;1;27.0;28.0;('/'==47);0;1.0;36;0
2.0;0.0;0.0;0.0;0.0;0.0;0.0;2.0;0.0;0.0;0.0;0.0;0.0;0.0;"C:\Users\kludw\_DEVELOPMENT\FeatureCoPP\test_dos\08_literal_eval.h";166.0;1;15.0;20.0;4<<2;0;1.0;141;0
0.0;0.0;0.0;0.0;0.0;0.0;0.0;0.0;0.0;0.0;0.0;0.0;0.0;0.0;"C:\Users\kludw\_DEVELOPMENT\FeatureCoPP\test_dos\03_literal.h";30.0;1;20.0;21.0;('('==40);0;1.0;29;0
0.0;0.0;0.0;0.0;0.0;0.0;0.0;0.0;0.0;0.0;0.0;0.0;0.0;0.0;"C:\Users\kludw\_DEVELOPMENT\FeatureCoPP\test_dos\03_literal.h";73.0;1;63.0;64.0;('S'==83);0;1.0;72;0
1.41;0.0;0.0;0.0;1.0;0.0;1.0;0.0;0.0;0.0;0.0;0.0;0.0;0.0;"C:\Users\kludw\_DEVELOPMENT\FeatureCoPP\test_dos\04_directiveCommentIntertwined.h";132.0;1;67.0;69.0;defined(_ARCH_PPC);1;1.0;118;0
0.0;0.0;0.0;0.0;0.0;0.0;0.0;0.0;0.0;0.0;0.0;0.0;0.0;0.0;"C:\Users\kludw\_DEVELOPMENT\FeatureCoPP\test_dos\03_literal.h";55.0;1;45.0;46.0;('A'==65);0;1.0;54;0
